name,app_id
HoloCure - Save the Fans!,2420510
A Short Hike,1055540
Papa's Freezeria Deluxe,2291760
Cats Hidden in Jingle Jam,2608050
The WereCleaner,2795000
Paper Lily - Chapter 1,2220360
TOEM: A Photo Adventure,1307580
Project Kat - Paper Lily Prologue,1698960
"Please, Touch The Artwork 2",2600140
Ib,1901370
Lil Gator Game,1586800
Patrick's Parabox,1260520
A Castle Full of Cats,2070550
Look Outside,3373660
The Upturned,1717770
A Tower Full of Cats,2179170
Dialtown: Phone Dating Sim,1035990
Smushi Come Home,1740300
"South Scrimshaw, Part One",2443110
Angel at Dusk,1405500
The Void Rains Upon Her Heart,790060
Monster Prom 4: Monster Con,2869860
Super Lesbian Animal RPG,2124380
Aokana - Four Rhythms Across the Blue - EXTRA2,2206340
Flowers -Le volume sur ete-,858940
Great God Grove,2840190
of the Devil,2739630
Moonleap,2166050
Beastieball,1864950
Hidden in Plain Sight,303590
DFHack - Dwarf Fortress Modding Engine,2346660
A YEAR OF SPRINGS,1688580
Purrfect Apawcalypse: Love at Furst Bite,1532510
Seal World,1684410
Poco,3454610
Higurashi When They Cry Hou - Ch.6 Tsumihoroboshi,668350
DEVIL BLADE REBOOT,2882440
Moss: Book II,2059670
Deadeye Deepfake Simulacrum,1545990
her tears were my light,2112520
Duck Detective: The Ghost of Glamping,2714620
Fractal Block World,1540570
Don't Escape Trilogy,1070550
Stardew Valley,413150
Portal 2,620
People Playground,1118200
Hades,1145360
Vampire Survivors,1794680
Schedule I,3164500
Portal,400
MiSide,2527500
Half-Life: Alyx,546560
Katana ZERO,460950
Pizza Tower,2231450
OneShot,420530
The Henry Stickmin Collection,1089980
VPet-Simulator,1920960
A Hat in Time,253230
SenrenÔºäBanka,1144400
ENA: Dream BBQ,2134320
Chants of Sennaar,1931770
ATRI -My Dear Moments-,1230140
Rhythm Doctor,774181
Baba Is You,736260
VTOL VR,667970
Cats Hidden in Paris,2313250
Sheepy: A Short Adventure,1568400
The Room 4: Old Sins,1361320
Neon White,1533420
Grimm's Hollow,1170880
Our Life: Beginnings & Always,1129190
One Finger Death Punch,264200
Bomb Rush Cyberfunk,1353230
Wobbledogs,1424330
A Date with Death,2415010
shapez 2,2162800
Tactical Breach Wizards,1043810
Trombone Champ,1059990
CLANNAD,324160
Steam Engine Simulator,2381620
The Case of the Golden Idol,1677770
20 Small Mazes,2570630
Kind Words (lo fi chill beats to write to),1070710
An Arcade Full of Cats,2368470
Gravitas,1067310
Cube Escape Collection,1292940
Lost in Play,1328840
CULTIC,1684930
Hylics,397740
100 hidden frogs,1806840
Aliya: Timelink,2704110
Underground Blossom,2291850
Magic Archery,2905170
Digseum,3361470
Monument Valley: Panoramic Edition,1927720
Epic Battle Fantasy 5,432350
Riddle Joker,1277930
Crow Country,1996010
WITCH ON THE HOLY NIGHT,2052410
Purrgatory,1713610
Illusion Carnival,2796340
I Wani Hug that Gator!,1895350
Summer Pockets,897220
The Supper,1171370
Caf√© Stella and the Reaper's Butterflies,1829980
DORONKO WANKO,2512840
Katawa Shoujo,3068300
A Building Full of Cats,1969080
Felvidek,2299900
eden*,315810
I Am Your Beast,1876590
Threefold Recital,3084280
Milo and the Magpies,1407420
Picayune Dreams,2088840
planetarian HD,623080
The Mr. Rabbit Magic Show,3472550
Just a To the Moon Series Beach Episode,2159210
White Knuckle,3195790
Scarlet Hollow,1609230
Monster Prom 3: Monster Roadtrip,1665190
Handshakes,2171690
Cureocity,2612680
Epic Battle Fantasy 4,265610
OneShot: World Machine Edition,2915460
Loddlenaut,1644940
Papa's Pizzeria Deluxe,3259470
Path of Achra,2128270
Sucker for Love: First Date,1574270
Your Turn To Die -Death Game By Majority-,2067780
TY the Tasmanian Tiger,411960
Hello Charlotte EP3: Childhood's End,760890
Epiphyllum in Love,1161870
CATO: Buttered Cat,1999520
Sizeable,1333910
Smile For Me,1018850
Mirage Feathers,2719060
The Powder Toy,1148350
It Steals,1349060
Mizi NO!,2654860
NUKITASHI 2,2614070
BRAZILIAN DRUG DEALER 3: I OPENED A PORTAL TO HELL IN THE FAVELA TRYING TO REVIVE MIT AIA I NEED TO CLOSE IT,3191050
Don't Escape: 4 Days to Survive,611760
BLACK BOX LSS - The Shining Immortal,2434340
The Children of Clay,3478700
StarVaders,2097570
Frog Detective 3: Corruption at Cowboy County,1171320
Cats and Seek: Osaka,2672090
Homicipher: Demo,2423320
last seen online,2824230
9-nine-:Episode 2,1033420
Endless Monday: Dreams and Deadlines,2262610
Sudocats,1725640
Stray Cats in Cozy Town,2901140
A Space For The Unbound - Prologue,1201280
Orbo's Odyssey,2539960
Perspective,1109410
Dogs Organized Neatly,1597730
ARMORED HEAD,805590
9-nine-:Episode 4,1424660
Sorry We're Closed,1796580
Submachine: Legacy,1564790
Yellow Taxi Goes Vroom,2011780
Aokana - Four Rhythms Across the Blue - EXTRA1,1340130
420BLAZEIT 2: GAME OF THE YEAR -=Dank Dreams and Goated Memes=- [#wow/11 Like and Subscribe] Poggerz Edition,2624280
Cats Hidden in Bali,2356500
Cats Hidden in Maple Hollow üçÇ,2551170
Zodiacats,1817000
Dreamlike Love with Seira,2986260
Cats and Seek: Kyoto,2845320
Ambidextro,3445580
"Take me, Vitaly",2144590
Pajama Sam: No Need to Hide When It's Dark Outside,283960
Perfect Gold - Yuri Visual Novel,578540
Kukoro: Stream chat games,1166990
Snail Simulator,1500740
Higurashi When They Cry Hou - Ch.3 Tatarigoroshi,472870
Letters From a Rainy Day -Oceans and Lace-,1637370
Little Busters! English Edition,635940
BoardLand,2735620
Linelith,1923790
Twinsen's Little Big Adventure 2 Classic,398000
Ever Seen A Cat?,1733060
The Legend of Heroes: Trails to Azure,1668520
Black Gunner Wukong: Prologue,2095890
The Zachtronics Solitaire Collection,1988540
BLUE REVOLVER,439490
I Frog-ot,2226870
4D Golf,2147950
Flowers -Le volume sur automne-,1238730
Aero GPX,2160360
The Test: Secrets of the Soul 2,2349550
Deep Sleep Trilogy,1146510
Cats Hidden in China,2608040
Hira Hira Hihiru,2314820
Yoiyami Dancers: Twilight Danmaku Dancers,1998530
Dunjungle,1589570
Voxelgram,1158470
Dawnsbury Days,2693730
Bahamut2-dragon's bride,1673190
Recursed,497780
Annalynn,1508460
Penko Park,852090
Slender Threads: Prologue,1682490
Terraria,105600
Left 4 Dead 2,550
Euro Truck Simulator 2,227300
Lethal Company,1966720
Hollow Knight,367520
Bloons TD 6,960090
The Binding of Isaac: Rebirth,250900
BeamNG.drive,284160
Subnautica,264710
Deep Rock Galactic,548430
Satisfactory,526870
Half-Life 2,220
RimWorld,294100
Factorio,427520
Slay the Spire,646570
ULTRAKILL,1229490
Dead Cells,588650
Stray,1332010
Mount & Blade: Warband,48700
Plants vs. Zombies GOTY Edition,3590
Totally Accurate Battle Simulator,508440
Helltaker,1289310
Slime Rancher,433340
Balatro,2379780
Resident Evil 4,2050650
Resident Evil 2,883710
DAVE THE DIVER,1868140
Celeste,504230
Hotline Miami,219150
Dyson Sphere Program,1366540
OMORI,1150690
Ravenfield,636480
"Papers, Please",239030
Persona 4 Golden,1113000
Dishonored,205100
INSIDE,304430
South Park‚Ñ¢: The Stick of Truth‚Ñ¢,213670
BattleBlock Theater¬Æ,238460
WEBFISHING,3146520
Split Fiction,2001120
Broforce,274190
The Walking Dead,207610
PowerWash Simulator,1290000
Volcano Princess,1669980
Firework,1288310
TCG Card Shop Simulator,3070070
SANABI,1562700
STAR WARS‚Ñ¢ Empire at War - Gold Pack,32470
VA-11 Hall-A: Cyberpunk Bartender Action,447530
Phoenix Wright: Ace Attorney Trilogy,787480
The Wolf Among Us,250320
The Room,288160
Hi-Fi RUSH,1817230
Touhou Mystia's Izakaya,1584090
Duck Game,312530
Wobbly Life,1211020
Pineapple on pizza,2263010
The Murder of Sonic the Hedgehog,2324650
Crab Champions,774801
Slay the Princess ‚Äî The Pristine Cut,1989270
There Is No Game: Wrong Dimension,1240210
Bongo Cat,3419430
"Hot Dogs, Horseshoes & Hand Grenades",450540
Crime Scene Cleaner,1040200
Sally Face - Episode One,541570
DUSK,519860
Just Shapes & Beats,531510
STEINS;GATE,412830
The Room Two,425580
Fields of Mistria,2142790
Tiny Glade,2198150
The Expendabros,312990
Super Hexagon,221640
Iron Snout,424280
Milk outside a bag of milk outside a bag of milk,1604000
Fran Bow,362680
Finding Paradise,337340
Gorogoa,557600
Stronghold Crusader HD (2012),40970
Bopl Battle,1686940
Before Your Eyes,1082430
Mon Bazou,1520370
Placid Plastic Duck Simulator,1999360
Outcore: Desktop Adventure,1275670
The Looker,1985690
MADNESS: Project Nexus,488860
ATLYSS,2768430
Zup! S,617670
Pseudoregalia,2365810
Murders on the Yangtze River,1746030
Tales of the Black Forest,1093910
Keep Talking and Nobody Explodes,341800
Touhou Luna Nights,851100
Webbed,1390350
The Last Campfire,990630
Kingdom Rush  - Tower Defense,246420
Eternal Senia,351640
Nodebuster,3107330
NEKOPARA Vol. 3,602520
Spirit City: Lofi Sessions,2113850
NEKOPARA Vol. 2,420110
Cube Escape: Paradox,909080
Virtual Cottage,1369320
Gunpoint,206190
SONIC X SHADOW GENERATIONS,2513280
Post Void,1285670
Peggle Deluxe,3480
Goat Simulator 3,850190
West of Loathing,597220
Samsara Room,1281800
Winter Memories,2495450
WolfQuest: Anniversary Edition,926990
Nubby's Number Factory,3191030
Until Then,1574820
NEKOPARA Vol. 4,1406990
Hook,367580
100 Asian Cats,2667970
Rabbit and Steel,2132850
BAD END THEATER,1764390
Hidden Folks,435400
At Home Alone Final,1740100
Star Fetchers,1178030
SuchArt: Creative Space,1469280
Rusty Lake: Roots,532110
Baldi's Basics Plus,1275890
Far Away,1250760
Bugsnax,674140
Marco & The Galaxy Dragon,1202540
MULLET MADJACK,2111190
Psychopomp,2771670
Carto,1172450
BABBDI,2240530
Dungeon Munchies,799640
Bloody Hell,2056220
Touhou¬†Hero¬†of¬†Ice¬†Fairy,1955830
The Test: Hypothesis Rising,1282200
Alpaca Stacka,1655140
A Space for the Unbound,1201270
Minishoot' Adventures,1634860
Snake Force,1806040
In Stars And Time,1677310
Alba: A Wildlife Adventure,1337010
Fallen Aces,1411910
Echo Point Nova,1836730
The Test: Final Revelation,1428310
Fox Hime Zero,844930
Vampires' Melody,1377360
Mad Father,483980
Monster Prom 2: Monster Camp,1140270
Minami Lane,2678990
Opus Magnum,558990
Kindergarten 2,1067850
Bug Fables: The Everlasting Sapling,1082710
Outpath: First Journey,2237980
Ghost Trick: Phantom Detective,1967430
Aokana - Four Rhythms Across the Blue,1044620
Disfigure,2083160
Lethal League Blaze,553310
HROT,824600
Cats Organized Neatly,1369340
DICEOMANCER,2501600
Zup! Z,1218900
Hexcells Infinite,304410
Tukoni: Prologue,1419860
Class of '09: The Re-Up,2318310
Aviassembly,2660460
Spin Rhythm XD,1058830
Grimhook,2667430
SuchArt: Genius Artist Simulator,1293180
The Room VR: A Dark Matter,1104380
1000xRESIST,1675830
Coloring Game 2,1216200
NEKOPARA Extra,899970
Fluffy Store,1038740
100 Capitalist Cats,2743080
Day of the Tentacle Remastered,388210
Touhou Hero of Ice Fairy: Prologue,1715460
The Legend of Heroes: Trails in the Sky SC,251290
TIS-100,370360
Psychopomp GOLD,3243190
Chicory: A Colorful Tale,1123450
Walkabout Mini Golf VR,1408230
Princess Remedy in a World of Hurt,407900
Peaks of Yore,2236070
Pages of Time: Prologue,2207540
Master Of Pottery,1160490
Hylics 2,1286710
Emberward,2459550
Chop Goblins,1935660
Railroader,1683150
Snufkin: Melody of Moominvalley,1808680
100 Ninja Cats,2776810
Will You Snail?,1115050
Insomnia: Theater in the Head,2085360
Unsorted Horror,2433730
The Roottrees are Dead,2754380
Beacon Pines,1269640
Lily's Well,1834870
Swallow the Sea,1511860
TouHou Makuka Sai ~ Fantastic Danmaku Festival Part II,1031480
Garden Galaxy,1970460
Ace Attorney Investigations Collection,2401970
Tinykin,1599020
Neighbours from Hell Compilation,260750
Miracle Snack Shop,995460
UNDERDOGS,2441700
Feeding Frenzy 2 Deluxe,3390
Leap Year,2951770
Coffee Talk Episode 2: Hibiscus & Butterfly,1663220
Stella of The End,2510770
AVICII Invector,986800
COMPOUND,615120
fault - milestone two side:above,344770
Resonance of the Ocean,2057080
Bing in Wonderland,1710100
Knights College,1510030
Hello Charlotte EP2: Requiem Aeternam Deo,557630
Sakuya Izayoi Gives You Advice And Dabs,1232180
Yasuke Simulator,3272300
Save Room - Organization Puzzle,1955330
Crypt Custodian,2394650
A Taste of the Past,1706930
inbento,1567440
I MAED A GAM3 W1TH Z0MB1ES 1N IT!!!1,1800730
Brutal Orchestra,1734320
No Time,1043340
Backyard Baseball '97,3170540
Cats Hidden in Italy,2313240
ÂºÇÂ∏∏ | Exception,621000
A Park Full of Cats,2610090
The Test: Secrets of the Soul,2231890
100 March Cats,2845260
Boomerang Fu,965680
Dog Brew,2883280
100 Funny Cats,2881230
Zeepkist,1440670
KunKunNight,2642890
Nightmare House: The Original Mod,2954780
Jerma's Big Adventure,1722570
The House in Fata Morgana: A Requiem for Innocence,804700
My Sticker Book,2088270
Tribal Hunter,1379870
Pictopix,568320
Higurashi When They Cry Hou - Ch.2 Watanagashi,410890
Tyrion Cuthbert: Attorney of the Arcane,1590230
Promise Mascot Agency,2585830
Kindred Spirits on the Roof,402620
14 Minesweeper Variants,1865060
My succubus Kukula,2848420
Frog Detective 2: The Case of the Invisible Wizard,1047220
Ê∞∏ÂÜª‰πãÂ£≥ The Shell of Permafrost,976940
Cattails: Wildwood Story,1882500
Slayers X: Terminal Aftermath: Vengance of the Slayer,1931020
Commando Collection,3059010
The Legend of Heroes: Trails from Zero,1668510
Zortch,2443360
CBT With Yuuka Kazami,1430420
Parking Garage Rally Circuit,2737300
Enigmatis 2: The Mists of Ravenwood,284770
The Procession to Calvary,1071130
Tree Simulator 2022,1591290
Cat Bait,2929730
Landlord of the Woods,1564090
HIDDEN CATS: The last of cats,2907010
Paquerette Down the Bunburrows,1628610
Cornerpond,3454590
Cats in Time,1599880
Toree 2,1722620
Scalak,858760
Adabana Odd Tales,1094820
Chicken Invaders 5,353090
JellyCar Worlds,1740930
A Sky Full of Stars ‰ª∞ÊúõÂ§úÁ©∫ÁöÑÊòüËæ∞,745960
BROK the InvestiGator,949480
Cats Hidden in Christmas,2933990
Revue Starlight El Dorado,2849960
Shadow Burglar,1881340
The Happyhills Homicide,3278760
Reentry - A Space Flight Simulator,882140
Amairo Chocolate,1238680
Ding Dong XL,862570
Draw Puzzle Áîª‰πãË∞ú,664180
Grunn,2720950
Blackwell Epiphany,236930
Acquitted,1954750
"Save Me, Sakuya-san!",1639610
hololive Treasure Mountain,2972990
KUNKUN Defender,2902540
Lots of Cats in Every Moment,3080240
Momotype,1822190
Gnomes,3133060
Maiden and Spell,1004770
I'm on Observation Duty 4,1730360
Higurashi When They Cry Hou - Ch. 5 Meakashi,577480
Enjoy the Diner,2336980
Otome * Domain,2153330
Hook 2,1871310
The Lost Dachshund,1975120
Shogun Showdown: Prologue,2316330
Arzette: The Jewel of Faramore,1924780
Cleo - a pirate's tale,1361230
The Expression Amrilato,1044490
Countryball: Europe 1890,1834920
The Testing Chamber,1921900
Pinkman,516480
Jacksmith: Weapons and Warriors,3580580
Ithya: Magic Studies,3330250
Fear the Spotlight,1959390
Making*Lovers,1200720
A Shelter Full of Cats,3087650
Merry XMerge,2717080
The World is Your Weapon,1056490
Ducks Can Drive,2472840
The Advisor - Episode 1: Royal Pain,1601680
Teacup,1444300
Vibrant Venture,1264520
Mhakna Gramura and Fairy Bell,753220
Putt-Putt¬Æ Saves The Zoo,294660
The Spirit and the Mouse,1679210
100 Cats New York,2782380
The Crimson Diamond,1098770
Mudborne: Frog Management Sim,2355150
Mushroom Cats 2,1258310
Garry's Mod,4000
Black Myth: Wukong,2358720
The Witcher 3: Wild Hunt - Complete Edition,"292030,378649,378648"
The Witcher 3: Wild Hunt,292030
Baldur's Gate 3,1086940
Phasmophobia,739630
Undertale,391540
Doki Doki Literature Club!,698780
Fallout: New Vegas,22380
Life is Strange - Episode 1,319630
Cuphead,268910
Counter-Strike,10
Tomb Raider,203160
R.E.P.O.,3241660
American Truck Simulator,270880
Ori and the Will of the Wisps,1057090
Counter-Strike: Source,240
RESIDENT EVIL 2 / BIOHAZARD RE:2 Deluxe Edition,"883710,920560,920561,920562,920563,920564,920567,920568"
Inscryption,1092790
Oxygen Not Included,457140
God of War,1593500
Half-Life,70
POSTAL 2,223470
Devil May Cry 5,601150
Castle Crashers¬Æ,204360
Don't Starve,219740
Outlast,238320
Brotato,1942280
Buckshot Roulette,2835570
Marvel‚Äôs Spider-Man Remastered,1817070
Cookie Clicker,1454400
GRIS,683320
Persona 5 Royal,1687950
Dishonored - Definitive Edition,"205100,208570,208575,212893,212894"
METAL GEAR RISING: REVENGEANCE,235460
To The Moon Game and Soundtrack Bundle,"206440,206450"
To the Moon,206440
Blade and Sorcery,629730
Left 4 Dead,500
Batman: Arkham Asylum Game of the Year Edition,35140
The Planet Crafter,1284190
The Hungry Lamb: Traveling in the Late Ming Dynasty,2593370
Ultimate Chicken Horse,386940
Rivals of Aether,383980
Clone Drone in the Danger Zone,597170
Shadow Tactics: Blades of the Shogun,418240
Unheard - Voices of Crime,942970
Danganronpa: Trigger Happy Havoc,413410
Car Mechanic Simulator 2021,1190000
The Coffin of Andy and Leyley,2378900
Milk inside a bag of milk inside a bag of milk,1392820
Your Only Move Is HUSTLE,2212330
Mouthwashing,2475490
Return of the Obra Dinn,653530
Paint the Town Red,337320
Stacklands,1948280
Doki Doki Literature Club Plus!,1388880
Dorfromantik,1455840
Danganronpa 2: Goodbye Despair,413420
The Walking Dead: Season Two,261030
Universe Sandbox,230290
SIGNALIS,1262350
LIZARDS MUST DIE,2532550
Abiotic Factor,427410
The Walking Dead: The Telltale Definitive Series,1449690
DOOM + DOOM II,2280
Mini Motorways,1127500
Thronefall,2239150
Untitled Goose Game,837470
The Test,1241510
Cruelty Squad,1388770
LEGO¬Æ Star Wars‚Ñ¢ - The Complete Saga,32440
Monster Train,1102190
Tiny Bunny,1421250
Streets of Rogue,512900
Arrow a Row,2495980
FlatOut 2,2990
Refunct,406150
missed messages.,812810
OpenTTD,1536610
Awaria,3274300
Nuclear Throne,242680
Retrowave,1239690
Metal: Hellsinger,1061910
shapez,1318690
Quake,2310
Rusty's Retirement,2666510
Mark of the Ninja,214560
FIVE NIGHTS AT FREDDY'S: HELP WANTED,732690
STAR WARS‚Ñ¢ Jedi Knight - Jedi Academy‚Ñ¢,6020
Superflight,732430
The Planet Crafter: Prologue,1830840
Supraland,813630
Desperados III,610370
Living With Sister: Monochrome Fantasy,2429860
The Forgotten City,874260
Tiny Rogues,2088570
Supreme Commander: Forged Alliance,9420
Kingdom Rush Frontiers - Tower Defense,458710
Kindergarten,589590
UNBEATABLE [white label],1290490
Pikuniku,572890
Little Inferno,221260
OPUS: Echo of Starsong - Full Bloom Edition,1504500
"Little Kitty, Big City",1177980
STRAFTAT,2386720
Coloring Pixels,897330
(the) Gnorp Apologue,1473350
Zup! F,601220
Like a Dragon Gaiden: The Man Who Erased His Name,2375550
Sayonara Wild Hearts,1122720
Downwell,360740
5D Chess With Multiverse Time Travel,1349230
FlyKnight,3108510
Raging Loop,648100
There Is No Game: Jam Edition 2015,1241700
Derail Valley,588030
Devil Daggers,422970
No Case Should Remain Unsolved,2676840
REFLEXIA Prototype ver.,1997680
Nightmare Kart,2930160
The Rewinder,1161170
STEINS;GATE 0,825630
Fireworks Mania - An Explosive Simulator,1079260
Recettear: An Item Shop's Tale,70400
VVVVVV,70300
Zup! X,508900
Homicipher,2302660
Spaceflight Simulator,1718870
Rusty Lake Hotel,435120
Lay a Beauty to Rest: The Darkness Peach Blossom Spring,1506980
We Become What We Behold [Fan-Made Port],1103210
Mark of the Ninja: Remastered,860950
Thank Goodness You're Here!,2366980
Songs of Syx,1162750
Insaniquarium Deluxe,3320
Bit Blaster XL,433950
Rusted Warfare - RTS,647960
WitchSpring R,1958220
Glass Masquerade,511470
Higurashi When They Cry Hou - Ch.1 Onikakushi,310360
Bejeweled¬Æ 3,78000
Rooftops & Alleys: The Parkour Game,2703850
GUILTY GEAR XX ACCENT CORE PLUS R,348550
Hexcells,265890
The Jackbox Party Pack 3,434170
Sticky Business,2303350
Boneraiser Minions,1944570
Meteor 60 Seconds!,788770
YOU and ME and HER: A Love Story,1293820
Rakuen,559210
Ages of Conflict: World War Simulator,2186320
PAC-MAN‚Ñ¢ Championship Edition DX+,236450
The Pedestrian,466630
SUPER CHICKEN JUMPER,584640
Incredibox,1545450
I commissioned some bees 0,2250060
Pilgrims,1049280
Defense Grid: The Awakening,18500
klocki,499440
[Nightmare Files] Clap Clap,2933290
Tails Noir: Prologue,992310
Hypnospace Outlaw,844590
Bang-On Balls: Chronicles,1227650
Cinderella Phenomenon - Otome/Visual Novel,568770
"STAR WARS‚Ñ¢ Battlefront (Classic, 2004)",1058020
Creeper World 3: Arc Eternal,280220
Turing Complete,1444480
LiEat,373770
The Jackbox Party Pack 7,1211630
One Finger Death Punch 2,980300
Nightmare of Decay,1848450
I Was a Teenage Exocolonist,1148760
Kill It With Fire,1179210
DISTRAINT 2,743390
Civilization IV: Beyond the Sword,8800
Arctic Eggs,2763670
Mitoza,1516240
DRAMAtical Murder,1481080
RED HOT VENGEANCE,1058640
Cobalt Core,2179850
Total Annihilation,298030
Voidigo,1304680
Supraland Six Inches Under,1522870
Heavenly Bodies,1138850
Orbt XL,615610
Freedom Planet,248310
Minds Beneath Us,1610440
Spooky's Jump Scare Mansion: HD Renovation,577690
X-COM: UFO Defense,7760
Dream Ending,944020
Birth,1889040
Northern Journey,1639790
ANTONBLAST,1887400
Primordia,227000
Yoku's Island Express,334940
Some Some Convenience Store,1217390
Shadows Over Loathing,1939160
Fate/stay night REMASTERED,2396980
Muv-Luv Alternative,802890
Duck Simulator 2,1808800
Windowkill,2726450
Progressbar95,1304550
Star of Providence,603960
Magical Girl Celesphonia,1786790
Serious Sam Classic: The First Encounter,41050
The Curse of Monkey Island,730820
Later Alligator,966320
Noel the Mortal Fate S1-7,850000
Dystopika,2379910
"If On A Winter's Night, Four Travelers",1603980
Trick & Treat,497640
Peggle‚Ñ¢ Nights,3540
Love Delivery,1817940
Doom & Destiny,318130
Epic Battle Fantasy 3,521200
pureya,1268960
Project Arrhythmia,440310
Songs for a Hero - Definitive Edition,389170
My Friendly Neighborhood,1574260
Beyond Citadel,3371240
News Tower,1649950
Life Goes On: Done to Death,250050
Moonring,2373630
a new life.,1297160
Geometry Arena,1255650
Slice & Dice,1775490
Rolling Line,754150
The Life and Suffering of Sir Brante ‚Äî Chapter 1&2,1460090
Wandersong,530320
NUKITASHI,2399220
Snezhinka:Sentinel Girls2,2608350
Cookard,2919650
PUMPKIN PANIC,3177920
Wylde Flowers,1896700
A Summer's End - Hong Kong 1986,1111370
Choice of Robots,339350
The Political Process,1184770
Ropuka's Idle Island,3416070
The Crown of Leaves,604330
Warsim: The Realm of Aslona,659540
House,1444350
Labyrinth City: Pierre the Maze Detective,1421790
Spark the Electric Jester 3,1629530
Majotori,588730
Our Adventurer Guild,2026000
Micro Platformer,1283130
Galaxy Burger,2749770
Zeus + Poseidon,566050
Shipwrecked 64,2160220
DYO,791470
Mushroom Cats,1071120
Jet Island,587220
Lunistice,1701800
Serious Sam Classic: The Second Encounter,41060
Super Kiwi 64,1949960
Love Curse: Find Your Soulmate,3069120
Poly Bridge 3,1850160
Squirrel Stapler,2535830
My Brother Rabbit,855640
Kitty Powers' Matchmaker,285740
The Farmer Was Replaced,2060160
Angels with Scaly Wings‚Ñ¢ / È±óÁæΩ„ÅÆÂ§©‰Ωø,571880
Gun Devil,1287040
HOLE,2971610
Master of Orion 2,410980
Lords of the Realm II,397350
Arco,2366970
The Ditzy Demons Are in Love With Me,802870
Super House of Dead Ninjas,224820
Freedom Planet 2,595500
The Darkside Detective: A Fumble in the Dark,795420
NoLimits 2 Roller Coaster Simulation,301320
POPGOES Arcade,1986840
STEINS;GATE: My Darling's Embrace,970560
Roman's Christmas / ÁΩóÊõºÂú£ËØûÊé¢Ê°àÈõÜ,926340
RetroMaze,852110
Stephen's Sausage Roll,353540
Utawarerumono: Mask of Truth,1151440
Love at First Sight,353330
STONKS-9800: Stock Market Simulator,1539140
Mushihimesama,377860
Four Last Things,503400
EXAPUNKS,716490
Islets,1669420
Last Train Outta' Wormtown,2318480
URBO: Dream One,2529130
Êù±ÊñπÂπïËèØÁ•≠ TouHou Makuka Sai ~ Fantastic Danmaku Festival,882710
The Baby In Yellow,2291340
Tametsi,709920
Kinkoi: Golden Loveriche,1277940
Football Coach: College Dynasty,2151290
Ultra Fight Da ! Kyanta 2,1026840
PockeDate! - Pocket Dating Simulator,3107350
I Expect You To Die 2: The Spy and the Liar,1499120
Mars First Logistics,1532200
Tiny Terry's Turbo Trip,2238040
The Inn-Sanity,2688570
Gori: Cuddly Carnage,1299690
Vangers,264080
Shotgun Witch,1435310
Children of Silentown: Prologue,1451740
McPixel 3,1338580
SLUDGE LIFE 2,2275150
Indie Game: The Movie,207080
Meg's Monster,1783360
Touhou Artificial Dream in Arcadia,2248430
ElecHead,1456880
STEINS;GATE: Linear Bounded Phenogram,930910
D'LIRIUM,670160
Withering Rooms,2006140
Spring Falls,1040550
Linelight,469790
Disney‚Ä¢Pixar WALL-E,331750
Love Love School Days,1305300
Five Nights At Floppa,1878740
My Child Lebensborn Remastered,2430730
Flatworld,1296540
NEKO-NIN exHeart,407310
Symphonic Rain,629650
Creeper World: Anniversary Edition,422910
Red Planet Farming,1288170
Duelists of Eden,1664200
Kemono Friends Cellien May Cry,1962920
Rocket Rats,3069810
One Dreamer: Prologue,1274140
Levelhead: Platformer Maker,792710
Priest Simulator: Heavy Duty,1675670
Fatum Betula,1281270
Fursan al-Aqsa: The Knights of the Al-Aqsa Mosque,1714420
Adventure of a Lifetime,820730
DEAD LETTER DEPT.,1627350
Sumire,1335230
Hidden & Dangerous 2: Courage Under Fire,703320
NO-SKIN,3011030
Kitsune Tails,1325260
Lilith Wants to Buy Your Soul,2266820
Iron Meat,1157740
Golden Treasure: The Great Green,1065100
Antonball Deluxe,1382320
Escape from Ever After: Onboarding,2789420
GYLT,2206210
I'm on Observation Duty 5,1850550
Staffer Reborn,2658920
MetaWare High School (Demo),1194740
The Symbiant,1883090
Master of Magic Classic,1146370
Super Ledgehop: Double Laser,787070
Super Mombo Quest,1262040
Rain on Your Parade,1213230
SeaBed,583090
Zup! Q,2206560
Nuclear Blaze,1662480
Hexologic,785890
Tree Simulator 2023,1916970
Cryptis,2421370
The Last Clockwinder,1755100
Shatter,20820
Higurashi When They Cry Hou - Ch.4 Himatsubushi,526490
Streets of Fury EX,350910
Vermillion - VR Painting,1608400
A Good Snowman Is Hard To Build,316610
XENOTILT: HOSTILE PINBALL ACTION,2008980
The Heroes Around Me,1768470
Spice&Wolf VR2,1348700
HOPE LEFT ME,2268470
Zombie Estate 2,512490
Gooba Ball,2878140
Hypnagogia ÁÑ°Èôê„ÅÆÂ§¢ Boundless Dreams,1665500
Disillusion,1490060
Shipped,1037190
Promenade,1781260
Hex of Steel,1240630
Vampire Therapist,2481020
The Norwood Suite,696480
Draw,2473980
100 Waiting Cats,3037060
Regency Solitaire,351090
Tonight We Riot,290690
HackHub: Free Trial,3022810
Lazerbait,529150
Broken Sword - Shadow of the Templars: Reforged,2544110
Lakeview Cabin 2,1291790
Higurashi When They Cry Hou - Ch.7 Minagoroshi,1034940
Bleed 2,396350
Cube Chaos,1958340
The Forest,242760
Dying Light,239140
Don't Starve Together,322330
Sekiro‚Ñ¢: Shadows Die Twice - GOTY Edition,814380
Titanfall¬Æ 2,1237970
It Takes Two,1426210
It Takes Two Friend's Pass,1426210
Divinity: Original Sin 2 - Definitive Edition,435150
Detroit: Become Human,1222140
DOOM,379720
Sid Meier's Civilization¬Æ V,8930
Black Mesa,362890
Kerbal Space Program,220200
Teardown,1167630
Cult of the Lamb,1313140
Age of Empires II (Retired),221380
Kenshi,233860
Resident Evil Village,1196590
CarX Drift Racing Online,635260
Enter the Gungeon,311690
Noita,881100
Outer Wilds,753640
Clair Obscur: Expedition 33,1903340
Beat Saber,620980
Resident Evil 7 Biohazard,418370
FTL: Faster Than Light,212680
Yakuza 0,638970
Ori and the Blind Forest: Definitive Edition,387290
Ultimate Custom Night,871720
Batman: Arkham City - Game of the Year Edition,200260
Saints Row: The Third,55230
Besiege,346010
The Elder Scrolls IV: Oblivion¬Æ Game of the Year Edition (2009),22330
Oblivion Game of the Year Deluxe,"22330,22330"
The Elder Scrolls IV: Oblivion¬Æ Game of the Year Edition Deluxe (2009),22330
Spiritfarer¬Æ: Farewell Edition,972660
What Remains of Edith Finch,501300
SOMA,282140
Killing Floor,1250
WorldBox - God Simulator,1206560
Game Dev Tycoon,239820
DREDGE,1562430
Timberborn,1062090
ROUNDS,1557740
Persona 3 Reload,2161700
Halls of Torment,2218750
SILENT HILL 2,2124490
Against the Storm,1336490
The Talos Principle,257510
Bastion,107100
Blood and Bacon,434570
Dwarf Fortress,975370
ASTLIBRA Revision,1718570
Nine Sols,1809540
Total War: MEDIEVAL II - Definitive Edition,"4700,4780"
Total War: MEDIEVAL II ‚Äì Definitive Edition,4700
My Friend Pedro,557340
NEKOPARA Vol. 1,333600
Valiant Hearts: The Great War‚Ñ¢ / Soldats Inconnus : M√©moires de la Grande Guerre‚Ñ¢,260230
Crypt of the NecroDancer,247080
Half-Life: Opposing Force,50
Ê≠ªÂØÇÔºàDeathly StillnessÔºâ,1727650
Indigo Park: Chapter 1,2504480
The Elder Scrolls III: Morrowind¬Æ Game of the Year Edition,22320
FAR: Lone Sails,609320
Townscaper,1291340
Mindustry,1127400
ANIMAL WELL,813230
Amnesia: The Dark Descent,57300
Darkwood,274520
NIGHT-RUNNERS‚Ñ¢ PROLOGUE,2707900
Roboquest,692890
Wildermyth,763890
Descenders,681280
Trine 2: Complete Story,35720
Fallout: A Post Nuclear Role Playing Game,38400
Pony Island,405640
Dust: An Elysian Tail,236090
STAR WARS‚Ñ¢ Republic Commando‚Ñ¢,6000
Shovel Knight: Treasure Trove,250760
LISA: Complete Edition,"335670,336370,379310"
Antichamber,219890
LISA: The Painful,335670
Yakuza Kiwami 2,927380
ENDER MAGNOLIA: Bloom in the Mist,2725260
Nova Drift,858210
Trine Enchanted Edition,35700
NGU IDLE,1147690
SpaceEngine,314650
Mini Metro,287980
The Room Three,456750
Dagon: by H. P. Lovecraft,1481400
Psychonauts,3830
The Talos Principle 2,835960
Everhood,1229380
Impostor Factory,1182620
Psychonauts 2,607080
Montaro,495890
Rabi-Ribi,400910
Cosmoteer: Starship Architect & Commander,799600
Door Kickers 2: Task Force North,1239080
Caves of Qud,333640
Five Nights at Freddy's: Into the Pit,2638370
Turnip Boy Commits Tax Evasion,1205450
AudioSurf,12900
Door Kickers: Action Squad,686200
Stronghold HD (2012),40950
"Warhammer 40,000: Dawn of War - Anniversary Edition",4570
Anomaly Agent,2378620
Reventure,900270
Cassette Beasts,1321440
Quake II,2320
Lucy -The Eternity She Wished For-,430960
Cat Quest,593280
EARTH DEFENSE FORCE 4.1 The Shadow of New Despair,410320
POSTAL: Brain Damaged,1359980
Poly Bridge 2,1062160
Pentiment,1205520
"Knowledge, or know Lady",2786680
Shower With Your Dad Simulator 2015: Do You Still Shower With Your Dad,359050
LYNE,266010
Farmer Against Potatoes Idle,1535560
Yuppie Psycho: Executive Edition,597760
Kingdom Rush Origins - Tower Defense,816340
FAITH: The Unholy Trinity,1179080
Drova - Forsaken Kin,1585180
Manifold Garden,473950
Bitburner,1812820
Class of '09,1443200
Neon Beats,1064610
Melatonin,1585220
Orcs Must Die!,102600
Zup! 2,562220
UFO 50,1147860
Gloomwood,1150760
Blood‚Ñ¢ Fresh Supply,1010750
Severed Steel,1227690
Animal Revolt Battle Simulator,1215390
Turbo Overkill,1328350
MANDAGON,461560
Airships: Conquer the Skies,342560
Sid Meier's Pirates!,3920
Rusty Lake Paradise,744190
Crawl,293780
Amanda the Adventurer,2166060
The Coin Game,598980
Cat Quest II,914710
Crime Scene Cleaner: Prologue,2540100
Agent A: A puzzle in disguise,801480
Zuma Deluxe,3330
The Secret of Monkey Island: Special Edition,32360
Beat Hazard,49600
Dead Estate,1484720
BirdGut,1072390
Tangle Tower,359510
Narcissu 1st & 2nd,264380
PAC-MAN Championship Edition DX+ All You Can Eat Edition Bundle,"236450,246250,246251,246252,246253,246254,246255,246256,246257"
TCG Card Shop Simulator: Prologue,3103840
I Wanna Maker,1114940
How Fish Is Made,1854430
DEADBOLT,394970
Samorost 1,1580970
Shogun Showdown,2084000
your wife,3339420
PARANORMASIGHT: The Seven Mysteries of Honjo,2106840
Behind the Frame: The Finest Scenery,1634150
In Sound Mind,1119980
Five Nights at Freddy's: Help Wanted 2,2287520
Duck Detective: The Secret Salami,2637990
SteamWorld Dig 2,571310
POOLS,2663530
Creeper World 4,848480
The Riftbreaker: Prologue,1293860
Creaks,956030
Zup! 8,799070
Shape of Dreams: Prologue,3275270
Tattletail,568090
Ê≥°Ê≤´ÂÜ¨ÊôØ,1049100
The Thrill of the Fight - VR Boxing,494150
Floating Point,302380
FATE,246840
Chill Pulse,2826180
"Cook, Serve, Delicious!",247020
Roadwarden,1155970
When The Past Was Around,1164050
Island Saver,1210250
Alien Shooter,33100
GemCraft - Chasing Shadows,296490
Billionaire Lovers,1578860
SHENZHEN I/O,504210
Sledders,2486740
Mortal Sin,1494810
Quake III Arena,2200
The Witch's House MV,885810
Notch - The Innocent LunA: Eclipsed SinnerS,325120
Cave Crawler,1865440
ScooterFlow,1648390
Megaquarium,600480
The Legend of Tianding,1406850
Rift of the NecroDancer,2073250
Lethal League,261180
Shredders,1874170
"one night, hot springs",917680
Vecter,1175140
Cyber Hook,1130410
Dune: Imperium,1689500
Chroma Squad,251130
TowerFall Ascension,251470
The Good Time Garden,1200860
Contradiction: Spot The Liar,373390
Sudoku Universe / Êï∞Áã¨ÂÆáÂÆô,733070
Defender's Quest: Valley of the Forgotten (DX edition),218410
Akane,884260
THE CORRIDOR,1347030
Card Survival: Tropical Island,1694420
DATE A LIVE: Rio Reincarnation,1047440
Intravenous 2,2608270
The Coma 2: Vicious Sisters,1045720
Ragnarock,1345820
Monster Train 2,2742830
Wrestling Empire,1620340
Mosaique Neko Waifus 2,1299120
SpaceChem,92800
Kao the Kangaroo: Round 2 (2003 re-release),1048540
Aurora Hills: Chapter 1,2762230
Obscure,254460
Zuma's Revenge!,3620
Who's Lila?,1697700
N++ (NPLUSPLUS),230270
Ancient Warfare 3,758990
Monkey Island‚Ñ¢ 2 Special Edition: LeChuck‚Äôs Revenge‚Ñ¢,32460
Slap City,725480
Enigma of Fear,1507580
Gravity Circuit,858710
Vertigo 2,843390
OMFG: One Million Fatal Guns,1555710
Rock Life: The Rock Simulator,2056560
Saihate Station,3079280
Cattails | Become a Cat!,634160
dotAGE,638510
RATSHAKER‚Ñ¢,3290710
The Jackbox Party Pack 6,1005300
Blood Spear,1638660
Tiny Bunny: Prologue,1249880
Spilled!,2240080
Charlie Murder,405290
Zup! 7,658560
Hexcells Plus,271900
Unavowed,336140
Misao - 2024 HD Remaster,691450
"OH MY GOD, LOOK AT THIS KNIGHT",781440
Umineko When They Cry - Question Arcs,406550
I Expect You To Die,587430
SEUM: Speedrunners from Hell,457210
Cloud Gardens,1372320
BallisticNG,473770
Kill The Crows,2441270
Murder House,1064460
Last Command,1487270
I'm on Observation Duty,1046820
Highway Blossoms,451760
There is No GreenDam,1109460
100 Dino Cats,2803000
Castlevania Dominus Collection,2369900
Dungeon Warfare,355980
Reus 2,1875060
Detective Grimoire,272600
Infinifactory,300570
The Last Door - Collector's Edition,284390
Zup! 9,1098340
Timelie,1150950
Sprout,758530
ÈáçÁîü‰πãÊàëÊòØÂ∞èËôæÁ±≥,3101720
PARQUET,1662840
ZeroRanger,809020
SteamWorld Heist II,2396240
Zombieville USA 3D,1801520
Super Amazing Wagon Adventure,250500
100 Aliens Cats,2845270
Turnip Boy Robs a Bank,2097230
SharpShooter3D,2435900
Krypta FM,2973390
Small Saga,1320140
Railbound,1967510
Little Goody Two Shoes,1812370
UNREAL LIFE,1335560
NERTS! Online,1131190
SLUDGE LIFE,1144770
The Adventure of NAYU,1476340
Noctuary,2143680
Shattered Pixel Dungeon,1769170
9-nine-:Episode 1,976390
Cryptmaster,1885110
Coloring Game 3,1275640
Waves,107600
Impossible Creatures Steam Edition,324680
Battle Chef Brigade Deluxe,452570
Delete,773670
Chicken Police - Paint it RED!,1084640
Subsurface Circular,676820
Mosa Lina,2477090
The Dishwasher: Vampire Smile,268990
The Jackbox Party Pack 2,397460
ACE Academy,396650
Toree 3D,1554840
Cogmind,722730
Suikoden I&II HD Remaster Gate Rune and Dunan Unification Wars,1932640
Khimera: Destroy All Monster Girls,467380
Granny: Chapter Two,1205040
Ancient Dungeon,1125240
It gets so lonely here,2386250
"Braid, Anniversary Edition",499180
Minimalist Tower Defense,2617400
q.u.q.,2302140
LIZARDS MUST DIE 2,3107800
Critter Cove,1631470
A Monster's Expedition,1052990
Nyakori's Rabbit Doll,1162070
Pleh!,2191550
Capybara Spa,1822910
High Entropy: Challenges,1389630
TRY AGAIN,2448340
Dollmare,2793710
Multi Turret Academy,1869270
Shadow Man Remastered,1413870
Umineko When They Cry - Answer Arcs,639490
Montaro RE,971680
BETON BRUTAL,2330500
Liquidators,1382200
The Bunny Graveyard,1892420
Boomerang X,1170060
The Bard's Tale Trilogy,843260
Last Call BBS,1511780
ÊîªÂüé‰∏éÂè¨Âî§ Siege and Summons „Äê5ÂàÜÈíü‰∏ÄÂ±Ä Á≠ñÁï•Á´ûÊäÄ „Äë,2888980
The Ramp,1506510
Worldless,1898500
The Lar,1084570
IronWolf VR,552080
Passpartout 2: The Lost Artist,1571100
KARAKARA,487430
Dino Run DX,248330
Super Jigsaw Puzzle: Generations,1036950
King of the Bridge,2523120
Gumballs & Dungeons,3112010
Grim Legends: The Forsaken Bride,284850
Mutazione,1080750
The Confession,1289640
Is this Game Trying to Kill Me?,2658470
Paradigm,600370
Tag: The Power of Paint,1808400
Evil Nun: The Broken Mask,1460220
Sid Meier's Colonization (Classic),327400
DRAINUS,1975360
.Forty-Five,2691350
DoDonPachi Resurrection,464450
From Glory To Goo,2607060
Banyu Lintar Angin - Little Storm -,744800
Driftwood,2223700
The Legend of Heroes: Trails into Reverie,1668540
Cyber Knights: Flashpoint,1021210
Cross Princess,1301620
Owinka Shooter,2062930
Wolf Tails,822930
Half-Life: Alyx - Final Hours,1361700
Skin Deep,301280
Snakebird,357300
Hakuoki: Edo Blossoms,733340
Golf Peaks,923260
Heart of the Woods,844660
Grim Legends 2: Song of the Dark Swan,279800
"Peace, Death! 2",1546790
Shepherd of Light,1106770
Sam & Max Hit the Road,355170
TSIOQUE,393190
Dungeons of Blood and Dream,2488590
A=B,1720850
Haven Park,1549550
Ex-Zodiac,1249480
The Last Door: Season 2 - Collector's Edition,402530
MECHANICA: A Ballad of the Rabbit and Mercury,1558510
Utopia Must Fall,2849680
Ignited in Cavern,2738080
Grey Instinct,1570960
The Big Con,1139280
Harmonia,421660
Under Leaves,567030
NightshadeÔºèÁôæËä±ÁôæÁãº,512180
Winion Virus,3334660
KAMI,272040
Priest Simulator: Vampire Show,950620
Mondealy: Day One,1591570
Slayaway Camp,530390
ghostpia Season One,2192620
Chair F*cking Simulator,1302800
Angry Video Game Nerd I & II Deluxe,1162960
Harbinger,2859800
WHITE ALBUM: Memories like Falling Snow,2432110
Obama Boss Fight,1762270
Tales from Toyotoki: Arrival of the Witch (The witch of the Ihanashi),1950570
Absent in the Rain,2168610
Hitler Waifu,2435960
Bai Qu: Hundreds of Melodies,516600
SoulslayerÔΩûÁÅ≠È≠Ç¬∑ËØØ‰Ω≥ÊúüÔΩû,466810
Lake of Voices,782340
Lost Words: Beyond the Page,599610
The Elephant Collection,2274110
Blackberry Honey,716340
Tunnet,2286390
Force Reboot,1766010
LUMINES REMASTERED,851670
100 New Year Cats,3340750
Blood Typers,2790330
Medieval II: Total War‚Ñ¢ Kingdoms,4780
The Wild at Heart,1093290
Winds of Change,594130
Trap Legend,1226530
ROGUE LIGHT DECK BUILDER,3149370
"Spy Fox in ""Dry Cereal""",283980
Disney G-Force,319170
Rainy Season,1094420
Tile Cities,1957990
Jerma & Otto: The Curse of the Late Streamer,1669490
Your Smile Beyond Twilight:ÈªÑÊòè‰∏ãÁöÑÊúàÂè∞‰∏ä,653950
